suite,corpus_size,approach,phase,status,repetitions,accuracy,macro_f1,p50_ms,p95_ms,mean_batch_wall_ms,mean_api_cost,mean_openrouter_cost,cost_kind
synthetic_50,50,atlas_jev,cold,completed,1,1.0,1.0,815.9779501147568,1662.710950104519,5406.461799982935,0.0017480520000000012,0.0017356919999999998,ESTIMATED
synthetic_50,50,atlas_jev_cached,cold,completed,1,1.0,1.0,1049.1331501398236,1461.2385852495206,6300.73169991374,0.001623272000000001,0.001611792,ESTIMATED
synthetic_50,50,atlas_jev_cached,warm,completed,1,1.0,1.0,554.0228998288512,588.6970652267337,3276.5774000436068,0,0,actual
synthetic_50,50,atlas_llm_cached,cold,partial_failure,1,0.9761904761904762,0.9876543209876543,1711.5505002439022,2319.367699790746,35977.94080013409,0.0029247892,0.0029133092,ESTIMATED
synthetic_50,50,atlas_llm_cached,warm,partial_failure,1,0.9761904761904762,0.9876543209876543,533.699800260365,564.1481000930071,32128.39570036158,2.84304e-05,2.81904e-05,ESTIMATED
synthetic_50,50,atlas_llm_judge,cold,partial_failure,1,0.9761904761904762,0.9876543209876543,1405.0935003906488,3735.3991996496916,81523.99060036987,,,unavailable
synthetic_50,50,llm_parallel,cold,partial_failure,1,0.9523809523809523,0.9753086419753086,1452.37149996683,3285.8184248674643,36645.43949998915,0.004891563985,0.004879203985000001,ESTIMATED
synthetic_50,50,llm_posthoc,cold,completed,1,1.0,1.0,10390.942149795592,10390.985294943675,10391.361799556762,0.0038535,0.0038535,actual
synthetic_500,500,atlas_jev,cold,completed,1,0.9761904761904762,0.9761600681140911,882.7525503002107,1191.1802747286854,5388.3086000569165,0.001756452000000002,0.0017440920000000007,ESTIMATED
synthetic_500,500,atlas_jev_cached,cold,partial_failure,1,0.9523809523809523,0.9638143891017456,1022.980900015682,1361.4015001803637,34708.68740044534,0.0015887900000000018,0.0015773100000000006,ESTIMATED
synthetic_500,500,atlas_jev_cached,warm,completed,1,0.9761904761904762,0.9761600681140911,517.5763999577612,545.3800050774589,3187.958300113678,4.1983999999999996e-05,4.1664e-05,ESTIMATED
synthetic_500,500,atlas_llm_judge,cold,partial_failure,1,0.9523809523809523,0.9638447971781305,1504.7169001773,4457.999700214714,90957.33009977266,,,unavailable
synthetic_500,500,llm_parallel,cold,completed,1,0.9761904761904762,0.9761600681140911,1645.7628498319536,5552.958175004458,14335.007700137794,0.004612854999999997,0.004600495,ESTIMATED
